"","PC1","PC2","PC3","PC4","PC5","PC6"
"PrecTotalAvg",-0.16754267261789,0.767533405915446,0.58152384113956,0.211310070375693,6.10423540698245e-09,1.43154979721979e-09
"TminTotalAvg",-0.465166765027034,0.166727811220508,-0.169599685852752,-0.507681390062958,0.601607382516205,-0.327697768872927
"TmaxTotalAvg",-0.480248130540768,-0.166712726412257,0.131972578719858,-0.138420590219667,-0.67600150883652,-0.498009576900191
"TmeanTotalAvg",-0.486427084898732,-0.0331219522325084,0.0106633947617815,-0.294714337466581,-0.175302232448139,0.80286393988005
"DtrTotalAvg",-0.33544375005832,-0.564286573909958,0.49802511415894,0.413109387978075,0.387762355897845,0.00318239401733499
"ASNM",0.419257973450917,-0.189168637482313,0.606223131272718,-0.648792334573103,1.19032225465165e-08,2.19062104567236e-09
