"","PC1","PC2","PC3","PC4","PC5","PC6","PC7","PC8"
"PrecTotalAvg",-0.286738635417903,0.133496111230391,-0.252573578667454,-0.755756753104188,-0.465879054299179,0.210403698164516,-0.0600316151480907,0.00901423808666366
"TminTotalAvg",-0.415756990451086,0.0530769011208476,0.0306441576870828,-0.231396719568314,0.45062350872457,-0.545952409553847,-0.517146291918644,0.0357714113928746
"TmaxTotalAvg",-0.451113533452898,0.0124920320699097,0.130443749921302,0.136951166908703,-0.12373859973484,-0.132039878400184,0.286389540556598,-0.803619683411703
"TmeanTotalAvg",-0.452718144153611,0.0504526154911458,0.0886412463758467,0.0222120816266647,0.0341819925897172,-0.220652849939278,0.664597433491931,0.540929136770399
"DtrTotalAvg",-0.373037378715134,-0.0230811069583419,0.277786631700477,0.45126301036626,-0.559670898194087,0.0834580823809138,-0.446812645777935,0.244271064760953
"ASNM",0.410508520377602,0.0319598559960397,-0.00284062569713503,-0.0593658756997537,-0.497030254458262,-0.758460366153029,0.0661699026434211,-0.0157888904766391
"PuntajeTotal",-0.0184340878755819,0.856564023540664,-0.425341414580298,0.289504550374894,0.01735090208284,-0.00863493523843731,-0.0282851939677353,-0.00737470186734647
"DefectosTotales",-0.168689048021543,-0.491328828037553,-0.807654554647688,0.255074093573627,-0.0533279338903032,-0.0961358412899417,-0.0206676499030864,0.0160684378587187
