"","PC1","PC2","PC3","PC4","PC5","PC6","PC7","PC8"
"PrecTotalAvg",-0.167721283348044,0.566661660827063,0.267697184256475,0.311868359587678,-0.604873404997522,-0.340541687634198,1.23624098921687e-09,-2.52369294393715e-09
"TminTotalAvg",-0.464590653724837,0.080354490786301,0.0586509732078417,0.281842954980307,0.105381090959275,0.479565165885016,0.595413734684286,0.31498865731795
"TmaxTotalAvg",-0.475550846387177,-0.157185940976101,-0.0603547457796288,-0.0585115864656826,-0.144742659030012,0.128721470482693,-0.665133723874933,0.512010885068865
"TmeanTotalAvg",-0.484452568758454,-0.0648884691854725,-0.0135975844924606,0.0784197296849512,-0.0469721860451242,0.275185175566219,-0.195619396017815,-0.799099763277758
"DtrTotalAvg",-0.331180015330985,-0.406647704102633,-0.191455732228034,-0.471439217068139,-0.414332876858123,-0.359855864310198,0.405971262302149,-0.00815890075101856
"ASNM",0.420843657996538,-0.138073380550874,-0.0172691028730109,-0.0777795195722136,-0.642797159217967,0.619911520807393,3.01480429509837e-09,-4.78808426240818e-09
"PuntajeTotal",-0.00917617833403503,-0.338763308664316,0.932890605524351,-0.112636500510977,0.0456326477531424,-0.0100507109238789,1.80844374197964e-09,8.80065964548038e-10
"DefectosTotales",-0.0911504658684367,0.586798595362607,0.117610756515605,-0.756794453573362,0.113683361600632,0.218780619205727,2.05293143595853e-09,3.47725440108526e-09
