"","PC1","PC2","PC3","PC4","PC5","PC6","PC7","PC8"
"PrecTotalAvg",0.213281196166552,-0.0754977803264463,-0.702256614378331,0.652450927312358,-0.0222867729373616,-0.171633188197133,9.05343123773901e-10,4.07026743880684e-09
"TminTotalAvg",0.457136840699615,-0.0309418333890799,0.0172301617258555,-0.0175908531142971,0.144063544265933,0.425598657930434,-0.615188368254857,-0.457293061811118
"TmaxTotalAvg",0.464305224773486,-0.0398058606812809,0.0580996922708287,-0.0291080958164534,-0.0517656021862877,0.25282999470461,0.769553251720842,-0.346119062163986
"TmeanTotalAvg",0.462464459333787,-0.035903408330341,0.0397248135811922,-0.0239687255627569,0.0369686358283421,0.332023559733791,-0.0230852109605883,0.818868583648077
"DtrTotalAvg",0.385422461509534,-0.0634579961372684,0.195603617290368,-0.0649688085679867,-0.762026615671274,-0.441496652546654,-0.169700139554187,-0.0232140720324528
"ASNM",-0.396512041114391,-0.0175845849142069,-0.158223588534829,0.106023468064659,-0.623223931815608,0.646363082707925,-1.60741958077359e-08,-3.96732043050907e-09
"PuntajeTotal",-0.024367820429379,-0.745714845192601,-0.406833847431645,-0.525617985162969,0.0117538945977026,-0.0372743773371191,-6.69875441401679e-09,-2.84254263009653e-09
"DefectosTotales",0.0985812308750708,0.655776152049618,-0.522279499454852,-0.529943751821655,-0.0739719618742362,-0.0339304072036644,-3.57006355033995e-10,-2.19787937849603e-10
