"","PC1","PC2","PC3","PC4","PC5","PC6","PC7","PC8"
"PrecTotalAvg",-0.279052721877334,0.131037660640616,-0.291689467345523,0.789312051649845,-0.304455171221498,0.322752999030485,1.04770209379665e-09,-9.09558142455166e-10
"TminTotalAvg",-0.431271762725301,0.0505533791515367,-0.021849094057048,0.16426956766216,0.223316399724244,-0.604224355240267,-0.575405335518482,-0.194778239972265
"TmaxTotalAvg",-0.44603902333441,0.0196495577034807,0.154746484868738,-0.120799206574605,-0.168938502516216,-0.117709977186038,0.56725518223001,-0.630832674746876
"TmeanTotalAvg",-0.450407388780264,0.0311550954273895,0.0947845428943959,-0.0212112629653727,-0.0319642821361472,-0.294688604862754,0.374750947896809,0.747279837005372
"DtrTotalAvg",-0.381961102078441,-0.0137846528087898,0.298863385803015,-0.37611471567799,-0.519775011818102,0.374955504242226,-0.454633902321972,0.0753950854514555
"ASNM",0.400030067539736,0.0311428143877849,-0.0148888713792145,0.065648666804579,-0.738612130906615,-0.53751908273994,1.0222818203065e-08,1.05055902241413e-08
"PuntajeTotal",-0.0195591801467581,0.864468998015308,-0.398118445895575,-0.305844762809506,-0.00477777356833735,0.0157685421588654,-1.52507814710212e-09,-4.74602995792495e-12
"DefectosTotales",-0.167378967970461,-0.480052291100171,-0.795908279106799,-0.309267816841653,-0.11017318826557,-0.0167145503461149,1.08875709836642e-09,-3.12289591061776e-09
