"","PC1","PC2","PC3","PC4","PC5","PC6","PC7","PC8"
"PrecTotalAvg",0.233985161804377,-0.0260996276147206,0.544977931706837,-0.758581630410362,-0.202665978218806,0.175320805168403,-0.0172944746759348,0.00356863330279745
"TminTotalAvg",0.468490615358282,-0.00531871450773103,0.0406892273020081,0.0345258601027188,0.22037370812229,-0.284378214474186,0.72231774840333,0.355615152384407
"TmaxTotalAvg",0.474176360876993,-0.0389451944755182,-0.0181365541784042,0.0594969293751849,0.101881713931249,-0.283667562857725,-0.680877479722339,0.464036549385842
"TmeanTotalAvg",0.476558494057147,-0.0271554900072176,0.0285428807536556,0.059349704229136,0.154526624758069,-0.284096792003193,-0.0734209259325336,-0.811071760277863
"DtrTotalAvg",0.297715330370519,-0.18514297198358,-0.449226517327653,-0.00317249120648957,-0.816119353698862,0.0236676367162298,0.0928000762580597,-0.00709385322605219
"ASNM",-0.418595374823496,-0.0223208738635537,0.108275158875893,-0.186101223649552,-0.230068893291326,-0.851405401402783,0.00986754999296388,-0.00151444771801801
"PuntajeTotal",-0.0268886003422954,-0.686775475756194,0.543062359082607,0.455445239174692,-0.151834083404067,0.0419198819986708,0.0156587058222762,0.0146046867225104
"DefectosTotales",0.0961080918258983,0.700428209254167,0.437898516031538,0.417403290547351,-0.366152269722667,-0.00218675354830911,0.00433347031814858,0.00958621849678095
